{"movement_1": {"src": {"point_1": [433, 355], "point_2": [625, 359]}, "dst": {"point_1": [670, 577], "point_2": [243, 582]}, "tracklets": [[[539.4242424242424, 329.7070707070707], [530.3333333333334, 363.04040404040404], [523.2626262626262, 387.2828282828283], [533.3636363636364, 401.42424242424244], [528.3131313131313, 431.72727272727275], [502.0505050505051, 456.979797979798], [504.0707070707071, 480.21212121212125], [509.1212121212121, 523.6464646464647], [501.04040404040404, 535.7676767676768], [498.01010101010104, 562.030303030303], [500.03030303030306, 601.4242424242424], [489.92929292929296, 620.6161616161617], [483.8686868686869, 670.1111111111111]]]}, "movement_2": {"src": {"point_1": [579, 578], "point_2": [987, 572]}, "dst": {"point_1": [802, 365], "point_2": [569, 358]}, "tracklets": [[[780.8383838383838, 689.3030303030303], [768.7171717171717, 649.9090909090909], [764.6767676767677, 633.7474747474747], [759.6262626262626, 584.2525252525253], [737.4040404040404, 537.7878787878788], [722.2525252525253, 500.41414141414145], [702.0505050505051, 457.989898989899], [700.030303030303, 419.6060606060606], [668.7171717171717, 386.27272727272725], [668.7171717171717, 350.9191919191919], [659.6262626262626, 322.6363636363636]]]}}