{"movement_1": {"src": {"point_1": [302, 216], "point_2": [541, 204]}, "dst": {"point_1": [551, 445], "point_2": [13, 466]}, "tracklets": [[[438.4141414141414, 162.03030303030303], [414.17171717171715, 196.37373737373738], [427.3030303030303, 256.979797979798], [392.95959595959596, 300.4141414141414], [375.7878787878788, 341.82828282828285], [349.52525252525254, 382.2323232323232], [333.3636363636364, 423.64646464646466], [311.14141414141415, 476.1717171717172], [293.969696969697, 520.6161616161617]], [[383.8686868686869, 186.27272727272728], [377.80808080808083, 209.50505050505052], [326.2929292929293, 257.989898989899], [324.27272727272725, 280.2121212121212], [305.0808080808081, 326.67676767676767], [269.72727272727275, 346.8787878787879], [238.41414141414143, 374.1515151515151], [190.93939393939394, 408.4949494949495], [166.6969696969697, 441.82828282828285], [130.33333333333334, 476.1717171717172]]]}, "movement_2": {"src": {"point_1": [522, 448], "point_2": [1264, 416]}, "dst": {"point_1": [535, 198], "point_2": [844, 193]}, "tracklets": [[[731.3434343434343, 644.8585858585859], [735.3838383838383, 567.0808080808081], [733.3636363636364, 495.3636363636364], [703.0606060606061, 414.55555555555554], [702.0505050505051, 383.24242424242425], [714.1717171717172, 303.44444444444446], [692.959595959596, 266.0707070707071], [666.6969696969697, 232.73737373737373], [656.5959595959596, 194.35353535353536]], [[991.9494949494949, 513.5454545454545], [931.3434343434343, 422.6363636363636], [921.2424242424242, 398.3939393939394], [914.1717171717172, 354.95959595959596], [865.6868686868687, 294.35353535353534], [846.4949494949495, 265.06060606060606], [794.979797979798, 240.8181818181818], [768.7171717171717, 190.31313131313132], [728.3131313131313, 173.14141414141415]]]}, "movement_3": {"src": {"point_1": [1187, 202], "point_2": [1270, 331]}, "dst": {"point_1": [571, 218], "point_2": [853, 172]}, "tracklets": [[[1227.3030303030303, 217.5858585858586], [1176.79797979798, 237.7878787878788], [1104.0707070707072, 232.73737373737373], [1005.0808080808081, 227.6868686868687], [953.5656565656566, 225.66666666666669], [921.2424242424242, 228.6969696969697], [862.6565656565657, 229.70707070707073], [840.4343434343434, 216.57575757575756], [792.959595959596, 200.41414141414143], [774.7777777777778, 192.33333333333334], [751.5454545454545, 176.17171717171718]], [[1204.0707070707072, 233.74747474747477], [1154.5757575757575, 256.979797979798], [1115.1818181818182, 269.1010101010101], [1045.4848484848485, 272.1313131313131], [984.8787878787879, 276.17171717171715], [932.3535353535353, 274.1515151515151], [856.5959595959596, 283.24242424242425], [831.3434343434343, 269.1010101010101], [788.9191919191919, 269.1010101010101], [747.5050505050505, 266.0707070707071], [719.2222222222223, 257.989898989899], [674.7777777777778, 241.82828282828285], [644.4747474747475, 218.59595959595958]]]}, "movement_4": {"src": {"point_1": [1106, 204], "point_2": [1275, 310]}, "dst": {"point_1": [558, 717], "point_2": [57, 460]}, "tracklets": [[[1246.4949494949494, 232.73737373737373], [1203.060606060606, 242.83838383838383], [1171.7474747474748, 257.989898989899], [1131.3434343434344, 273.14141414141415], [1083.8686868686868, 271.1212121212121], [1053.5656565656566, 269.1010101010101], [936.3939393939394, 275.16161616161617], [863.6666666666666, 266.0707070707071], [729.3232323232323, 284.25252525252523], [634.3737373737374, 301.42424242424244], [575.7878787878788, 340.8181818181818], [519.2222222222222, 379.2020202020202], [439.42424242424244, 424.65656565656565], [387.90909090909093, 478.19191919191917]], [[1237.4040404040404, 260.01010101010104], [1163.6666666666667, 315.5656565656566], [1111.141414141414, 350.9191919191919], [1046.4949494949494, 372.1313131313131], [969.7272727272727, 396.37373737373736], [905.0808080808081, 409.5050505050505], [833.3636363636364, 428.6969696969697], [769.7272727272727, 443.8484848484849], [720.2323232323232, 479.2020202020202], [628.3131313131313, 513.5454545454545], [592.959595959596, 534.7575757575758], [503.06060606060606, 573.1414141414142], [461.64646464646466, 593.3434343434343]]]}, "movement_5": {"src": {"point_1": [480, 714], "point_2": [1272, 711]}, "dst": {"point_1": [1277, 351], "point_2": [1075, 207]}, "tracklets": [[[885.8888888888889, 641.8282828282828], [901.040404040404, 568.0909090909091], [974.7777777777778, 456.979797979798], [1006.0909090909091, 404.45454545454544], [1068.7171717171718, 364.0505050505051], [1184.878787878788, 308.4949494949495], [1223.2626262626263, 296.37373737373736]], [[1178.8181818181818, 594.3535353535353], [1169.7272727272727, 541.8282828282828], [1144.4747474747476, 464.0505050505051], [1147.5050505050506, 437.7878787878788], [1162.6565656565656, 418.5959595959596], [1175.7878787878788, 379.2020202020202], [1210.1313131313132, 347.8888888888889], [1222.2525252525252, 323.64646464646466]]]}, "movement_6": {"src": {"point_1": [312, 219], "point_2": [524, 206]}, "dst": {"point_1": [1027, 206], "point_2": [1278, 437]}, "tracklets": []}}