{"movement_1": {"src": {"point_1": [317, 215], "point_2": [639, 216]}, "dst": {"point_1": [644, 441], "point_2": [12, 433]}, "tracklets": [[[506.0909090909091, 188.2929292929293], [506.0909090909091, 218.59595959595958], [493.969696969697, 254.95959595959596], [464.67676767676767, 284.25252525252523], [413.16161616161617, 326.67676767676767], [402.0505050505051, 373.14141414141415], [373.7676767676768, 424.65656565656565], [354.57575757575756, 444.85858585858585], [330.3333333333333, 477.18181818181813], [311.14141414141415, 511.52525252525254], [298.01010101010104, 535.7676767676768]]]}, "movement_2": {"src": {"point_1": [634, 442], "point_2": [1270, 452]}, "dst": {"point_1": [972, 225], "point_2": [643, 222]}, "tracklets": [[[929.3232323232323, 510.5151515151515], [908.1111111111111, 460.01010101010104], [910.1313131313132, 402.4343434343434], [895.989898989899, 366.0707070707071], [873.7676767676768, 335.7676767676768], [865.6868686868687, 280.2121212121212], [858.6161616161617, 236.77777777777777], [842.4545454545455, 212.53535353535355], [821.2424242424242, 191.32323232323233]]]}}