{"movement_1": {"src": {"point_1": [981, 326], "point_2": [804, 277]}, "dst": {"point_1": [592, 536], "point_2": [160, 383]}, "tracklets": [[[944.4747474747475, 297.3838383838384], [892.959595959596, 318.5959595959596], [865.6868686868687, 336.77777777777777], [841.4444444444445, 341.82828282828285], [798.010101010101, 343.8484848484849], [761.6464646464647, 369.1010101010101], [734.3737373737374, 394.35353535353534], [668.7171717171717, 400.4141414141414], [625.2828282828283, 412.5353535353535], [604.070707070707, 433.74747474747477], [533.3636363636364, 459.0], [510.13131313131316, 450.9191919191919], [462.65656565656565, 463.04040404040404], [442.45454545454544, 491.32323232323233], [414.17171717171715, 512.5353535353536], [395.989898989899, 515.5656565656566]]]}, "movement_2": {"src": {"point_1": [505, 509], "point_2": [1122, 703]}, "dst": {"point_1": [926, 312], "point_2": [1175, 371]}, "tracklets": [[[756.5959595959596, 644.8585858585859], [782.8585858585859, 614.5555555555555], [801.040404040404, 592.3333333333334], [825.2828282828283, 580.2121212121212], [868.7171717171717, 551.929292929293], [894.979797979798, 512.5353535353536], [925.2828282828283, 466.0707070707071], [949.5252525252525, 448.8989898989899], [1010.1313131313132, 397.3838383838384], [1044.4747474747476, 372.1313131313131], [1055.5858585858587, 334.75757575757575]]]}}