{"movement_1": {"src": {"point_1": [360, 224], "point_2": [642, 226]}, "dst": {"point_1": [1, 653], "point_2": [704, 658]}, "tracklets": [[[440.4343434343434, 212.53535353535355], [434.37373737373736, 257.989898989899], [432.35353535353534, 289.3030303030303], [424.27272727272725, 340.8181818181818], [413.16161616161617, 367.0808080808081], [406.0909090909091, 416.57575757575756], [402.0505050505051, 430.7171717171717], [390.93939393939394, 454.95959595959596], [386.8989898989899, 474.1515151515151], [377.80808080808083, 500.41414141414145], [369.72727272727275, 529.7070707070707], [348.5151515151515, 577.1818181818182], [334.37373737373736, 618.5959595959596], [301.04040404040404, 696.3737373737374]], [[580.8383838383838, 203.44444444444446], [583.8686868686868, 268.0909090909091], [580.8383838383838, 322.6363636363636], [559.6262626262626, 396.37373737373736], [519.2222222222222, 437.7878787878788], [495.989898989899, 494.35353535353534], [437.4040404040404, 567.0808080808081], [424.27272727272725, 650.9191919191919], [410.1313131313131, 715.5656565656566]]]}, "movement_2": {"src": {"point_1": [590, 687], "point_2": [1276, 506]}, "dst": {"point_1": [635, 226], "point_2": [943, 229]}, "tracklets": [[[808.1111111111111, 693.3434343434343], [791.9494949494949, 584.2525252525253], [815.1818181818182, 499.4040404040404], [828.3131313131313, 419.6060606060606], [813.1616161616162, 371.1212121212121], [778.8181818181819, 312.5353535353535], [780.8383838383838, 269.1010101010101], [788.9191919191919, 218.59595959595958], [778.8181818181819, 194.35353535353536]], [[976.7979797979798, 683.2424242424242], [955.5858585858585, 639.8080808080808], [928.3131313131313, 580.2121212121212], [918.2121212121212, 534.7575757575758], [878.8181818181819, 491.32323232323233], [885.8888888888889, 452.93939393939394], [860.6363636363636, 398.3939393939394], [794.979797979798, 341.82828282828285], [751.5454545454545, 277.1818181818182], [733.3636363636364, 232.73737373737373], [698.010101010101, 197.3838383838384]]]}, "movement_3": {"src": {"point_1": [349, 224], "point_2": [634, 224]}, "dst": {"point_1": [203, 279], "point_2": [171, 433]}, "tracklets": [[[465.6868686868687, 200.41414141414143], [458.6161616161616, 222.63636363636363], [446.4949494949495, 244.85858585858585], [392.95959595959596, 254.95959595959596], [343.4646464646465, 272.1313131313131], [301.04040404040404, 276.17171717171715], [266.6969696969697, 279.2020202020202], [220.23232323232324, 278.19191919191917]], [[489.92929292929296, 212.53535353535355], [468.7171717171717, 268.0909090909091], [457.6060606060606, 299.4040404040404], [432.35353535353534, 334.75757575757575], [395.989898989899, 341.82828282828285], [360.6363636363636, 327.6868686868687], [257.6060606060606, 305.4646464646465], [203.06060606060606, 303.44444444444446]], [[584.8787878787879, 211.52525252525254], [572.7575757575758, 284.25252525252523], [511.1414141414142, 369.1010101010101], [437.4040404040404, 374.1515151515151], [370.73737373737373, 382.2323232323232], [222.25252525252526, 349.90909090909093], [188.91919191919192, 343.8484848484849]]]}, "movement_4": {"src": {"point_1": [96, 403], "point_2": [51, 698]}, "dst": {"point_1": [633, 234], "point_2": [862, 226]}, "tracklets": [[[1.0404040404040407, 543.8484848484849], [104.07070707070707, 572.1313131313132], [280.83838383838383, 585.2626262626262], [412.1515151515151, 580.2121212121212], [537.4040404040404, 562.030303030303], [627.3030303030303, 538.7979797979798], [699.0202020202021, 503.44444444444446], [713.1616161616162, 446.8787878787879], [754.5757575757576, 353.949494949495], [787.9090909090909, 299.4040404040404], [788.9191919191919, 264.0505050505051]], [[69.72727272727273, 539.8080808080808], [199.02020202020202, 530.7171717171717], [359.62626262626264, 449.90909090909093], [430.3333333333333, 409.5050505050505], [483.8686868686869, 390.3131313131313], [563.6666666666666, 368.0909090909091], [602.0505050505051, 337.7878787878788], [667.7070707070707, 306.47474747474746], [670.7373737373738, 270.1111111111111], [700.030303030303, 221.62626262626264], [703.0606060606061, 197.3838383838384]]]}, "movement_5": {"src": {"point_1": [632, 700], "point_2": [1276, 535]}, "dst": {"point_1": [320, 245], "point_2": [123, 462]}, "tracklets": [[[890.939393939394, 699.4040404040404], [798.010101010101, 586.2727272727273], [785.8888888888889, 500.41414141414145], [751.5454545454545, 441.82828282828285], [724.2727272727273, 385.26262626262627], [600.030303030303, 337.7878787878788], [473.7676767676768, 324.65656565656565], [367.7070707070707, 329.7070707070707], [256.5959595959596, 324.65656565656565], [172.75757575757575, 323.64646464646466]], [[1009.1212121212121, 699.4040404040404], [962.6565656565657, 642.8383838383838], [844.4747474747475, 592.3333333333334], [726.2929292929293, 526.6767676767677], [714.1717171717172, 469.1010101010101], [600.030303030303, 441.82828282828285], [516.1919191919192, 406.47474747474746], [424.27272727272725, 381.22222222222223], [295.989898989899, 371.1212121212121], [198.010101010101, 360.01010101010104]]]}, "movement_6": {"src": {"point_1": [152, 341], "point_2": [2, 562]}, "dst": {"point_1": [12, 657], "point_2": [572, 657]}, "tracklets": [[[11.141414141414142, 424.65656565656565], [80.83838383838383, 446.8787878787879], [171.74747474747474, 471.1212121212121], [216.1919191919192, 474.1515151515151], [231.34343434343435, 492.33333333333337], [241.44444444444446, 522.6363636363636], [250.53535353535355, 569.1010101010102], [267.7070707070707, 616.5757575757576], [274.77777777777777, 672.1313131313132]], [[19.22222222222222, 434.75757575757575], [31.343434343434346, 498.3939393939394], [60.63636363636364, 544.8585858585859], [99.02020202020202, 572.1313131313132], [114.17171717171718, 613.5454545454545], [124.27272727272728, 650.9191919191919], [122.25252525252526, 678.1919191919192], [121.24242424242425, 691.3232323232323]]]}, "movement_7": {"src": {"point_1": [693, 659], "point_2": [1277, 589]}, "dst": {"point_1": [1216, 467], "point_2": [1087, 327]}, "tracklets": [[[762.6565656565657, 699.4040404040404], [826.2929292929293, 638.7979797979798], [820.2323232323232, 604.4545454545455], [853.5656565656566, 528.6969696969697], [857.6060606060606, 477.18181818181813], [901.040404040404, 437.7878787878788], [936.3939393939394, 411.52525252525254], [1055.5858585858587, 382.2323232323232], [1127.3030303030303, 354.95959595959596]], [[1193.969696969697, 688.2929292929293], [1162.6565656565656, 622.6363636363636], [1135.3838383838383, 555.969696969697], [1132.3535353535353, 502.4343434343434], [1132.3535353535353, 449.90909090909093], [1136.3939393939395, 423.64646464646466], [1203.060606060606, 392.3333333333333]]]}, "movement_8": {"src": {"point_1": [218, 336], "point_2": [4, 647]}, "dst": {"point_1": [1168, 459], "point_2": [1116, 275]}, "tracklets": [[[54.57575757575758, 525.6666666666666], [97.0, 541.8282828282828], [241.44444444444446, 550.9191919191919], [391.949494949495, 584.2525252525253], [519.2222222222222, 576.1717171717172], [607.1010101010102, 530.7171717171717], [720.2323232323232, 525.6666666666666], [789.929292929293, 503.44444444444446], [934.3737373737374, 475.16161616161617], [1031.3434343434344, 433.74747474747477], [1106.090909090909, 392.3333333333333], [1174.7777777777778, 377.1818181818182]], [[76.79797979797979, 421.62626262626264], [239.42424242424244, 446.8787878787879], [303.06060606060606, 434.75757575757575], [381.8484848484849, 450.9191919191919], [533.3636363636364, 447.8888888888889], [642.4545454545455, 429.7070707070707], [715.1818181818182, 416.57575757575756], [777.8080808080808, 412.5353535353535], [925.2828282828283, 402.4343434343434], [998.010101010101, 391.32323232323233], [1055.5858585858587, 366.0707070707071], [1156.5959595959596, 365.06060606060606]]]}, "movement_9": {"src": {"point_1": [1159, 400], "point_2": [1161, 276]}, "dst": {"point_1": [692, 286], "point_2": [898, 220]},