{"movement_1": {"src": {"point_1": [57, 176], "point_2": [283, 170]}, "dst": {"point_1": [1134, 444], "point_2": [61, 582]}, "tracklets": [[[135.3838383838384, 175.16161616161617], [144.4747474747475, 213.54545454545456], [158.6161616161616, 228.6969696969697], [157.6060606060606, 247.8888888888889], [178.8181818181818, 281.22222222222223], [197.0, 300.4141414141414], [200.03030303030303, 329.7070707070707], [238.41414141414143, 367.0808080808081], [290.93939393939394, 437.7878787878788], [288.9191919191919, 483.24242424242425], [300.03030303030306, 544.8585858585859], [340.4343434343434, 578.1919191919192], [385.8888888888889, 637.7878787878788]], [[231.34343434343435, 165.06060606060606], [244.4747474747475, 199.40404040404042], [307.1010101010101, 246.87878787878788], [371.74747474747477, 299.4040404040404], [431.34343434343435, 348.8989898989899], [463.6666666666667, 405.4646464646465], [523.2626262626262, 443.8484848484849], [560.6363636363636, 484.2525252525253], [591.9494949494949, 515.5656565656566], [615.1818181818182, 556.979797979798], [653.5656565656566, 590.3131313131313], [685.8888888888889, 639.8080808080808]]]}, "movement_2": {"src": {"point_1": [96, 178], "point_2": [310, 130]}, "dst": {"point_1": [671, 132], "point_2": [771, 220]}, "tracklets": [[[208.11111111111111, 160.010101010101], [279.82828282828285, 178.1919191919192], [319.22222222222223, 195.36363636363637], [364.67676767676767, 197.3838383838384], [419.22222222222223, 201.42424242424244], [505.0808080808081, 200.41414141414143], [546.4949494949495, 201.42424242424244], [625.2828282828283, 206.4747474747475], [666.6969696969697, 199.40404040404042]], [[262.65656565656565, 147.88888888888889], [302.0505050505051, 177.1818181818182], [334.37373737373736, 206.4747474747475], [375.7878787878788, 214.55555555555557], [450.5353535353535, 215.56565656565658], [489.92929292929296, 213.54545454545456], [543.4646464646464, 207.4848484848485], [584.8787878787879, 203.44444444444446], [631.3434343434343, 197.3838383838384]]]}, "movement_3": {"src": {"point_1": [881, 217], "point_2": [1044, 337]}, "dst": {"point_1": [666, 667], "point_2": [1197, 521]}, "tracklets": [[[970.7373737373738, 295.3636363636364], [877.8080808080808, 318.5959595959596], [866.6969696969697, 347.8888888888889], [858.6161616161617, 394.35353535353534], [828.3131313131313, 472.13131313131316], [826.2929292929293, 520.6161616161617], [826.2929292929293, 551.929292929293], [827.3030303030303, 579.2020202020202]], [[1014.1717171717172, 275.16161616161617], [889.929292929293, 271.1212121212121], [814.1717171717172, 280.2121212121212], [752.5555555555555, 312.5353535353535], [759.6262626262626, 391.32323232323233], [779.8282828282828, 468.0909090909091], [829.3232323232323, 513.5454545454545], [857.6060606060606, 548.89898989899]]]}}