{"movement_1": {"src": {"point_1": [444, 207], "point_2": [644, 231]}, "dst": {"point_1": [2, 388], "point_2": [412, 520]}, "tracklets": [[[624.2727272727273, 202.43434343434345], [589.929292929293, 223.64646464646466], [545.4848484848485, 246.87878787878788], [505.0808080808081, 273.14141414141415], [467.7070707070707, 307.4848484848485], [418.2121212121212, 344.85858585858585], [388.9191919191919, 370.11111111111114], [312.1515151515151, 414.55555555555554], [285.8888888888889, 461.020202020202], [237.40404040404042, 489.30303030303025], [202.05050505050505, 505.4646464646464], [175.78787878787878, 522.6363636363636]]]}, "movement_2": {"src": {"point_1": [292, 482], "point_2": [829, 659]}, "dst": {"point_1": [593, 224], "point_2": [814, 250]}, "tracklets": [[[522.2525252525253, 624.6565656565657], [557.6060606060606, 568.0909090909091], [592.959595959596, 503.44444444444446], [612.1515151515151, 440.8181818181818], [663.6666666666666, 395.3636363636364], [685.8888888888889, 335.7676767676768], [692.959595959596, 302.4343434343434], [697.0, 273.14141414141415], [723.2626262626262, 233.74747474747477], [732.3535353535353, 211.52525252525254], [737.4040404040404, 203.44444444444446]]]}, "movement_3": {"src": {"point_1": [431, 201], "point_2": [639, 224]}, "dst": {"point_1": [102, 466], "point_2": [75, 232]}, "tracklets": [[[603.0606060606061, 195.36363636363637], [578.8181818181819, 210.51515151515153], [561.6464646464647, 225.66666666666669], [521.2424242424242, 242.83838383838383], [453.5656565656566, 260.01010101010104], [421.24242424242425, 277.1818181818182], [348.5151515151515, 283.24242424242425], [257.6060606060606, 287.2828282828283], [193.96969696969697, 293.34343434343435], [129.32323232323233, 309.5050505050505], [95.98989898989899, 312.5353535353535], [33.36363636363637, 315.5656565656566]], [[578.8181818181819, 205.46464646464648], [521.2424242424242, 249.90909090909093], [469.72727272727275, 299.4040404040404], [436.3939393939394, 329.7070707070707], [397.0, 347.8888888888889], [338.4141414141414, 347.8888888888889], [231.34343434343435, 348.8989898989899], [123.26262626262627, 346.8787878787879], [66.6969696969697, 338.7979797979798]]]}, "movement_4": {"src": {"point_1": [14, 259], "point_2": [68, 507]}, "dst": {"point_1": [631, 220], "point_2": [795, 243]}, "tracklets": [[[27.303030303030305, 352.93939393939394], [118.21212121212122, 366.0707070707071], [181.84848484848484, 369.1010101010101], [302.0505050505051, 366.0707070707071], [448.5151515151515, 339.80808080808083], [525.2828282828283, 322.6363636363636], [622.2525252525253, 283.24242424242425], [670.7373737373738, 259.0], [705.0808080808081, 237.7878787878788]], [[8.11111111111111, 472.13131313131316], [103.06060606060606, 472.13131313131316], [236.3939393939394, 472.13131313131316], [302.0505050505051, 457.989898989899], [458.6161616161616, 463.04040404040404], [487.90909090909093, 463.04040404040404], [591.9494949494949, 434.75757575757575], [688.9191919191919, 355.969696969697], [707.1010101010102, 337.7878787878788], [732.3535353535353, 279.2020202020202], [746.4949494949495, 222.63636363636363]]]}, "movement_5": {"src": {"point_1": [1, 297], "point_2": [2, 441]}, "dst": {"point_1": [4, 376], "point_2": [1, 704]}, "tracklets": [[[14.171717171717173, 357.989898989899], [40.43434343434343, 379.2020202020202], [64.67676767676768, 400.4141414141414], [79.82828282828282, 429.7070707070707], [94.97979797979798, 464.0505050505051], [99.02020202020202, 490.3131313131313], [84.87878787878788, 520.6161616161617]], [[57.60606060606061, 319.6060606060606], [114.17171717171718, 352.93939393939394], [139.42424242424244, 370.11111111111114], [171.74747474747474, 439.80808080808083], [163.66666666666666, 476.1717171717172], [163.66666666666666, 521.6262626262626], [125.28282828282829, 575.1616161616162]]]}, "movement_6": {"src": {"point_1": [8, 716], "point_2": [808, 717]}, "dst": {"point_1": [2, 527], "point_2": [3, 302]}, "tracklets": [[[278.8181818181818, 666.070707070707], [292.95959595959596, 598.3939393939394], [287.90909090909093, 530.7171717171717], [276.7979797979798, 487.2828282828283], [256.5959595959596, 432.73737373737373], [248.51515151515153, 420.6161616161616], [194.97979797979798, 361.020202020202], [171.74747474747474, 334.75757575757575], [111.14141414141415, 316.57575757575756]], [[312.1515151515151, 672.1313131313132], [226.2929292929293, 545.8686868686868], [216.1919191919192, 475.16161616161617], [172.75757575757575, 428.6969696969697], [168.7171717171717, 393.34343434343435], [132.35353535353536, 355.969696969697], [83.86868686868686, 323.64646464646466]]]}}