{"movement_1": {"src": {"point_1": [588, 137], "point_2": [787, 200]}, "dst": {"point_1": [423, 457], "point_2": [112, 289]}, "tracklets": [[[737.4040404040404, 160.010101010101], [699.0202020202021, 172.13131313131314], [652.5555555555555, 214.55555555555557], [595.989898989899, 247.8888888888889], [533.3636363636364, 265.06060606060606], [476.7979797979798, 294.35353535353534], [461.64646464646466, 319.6060606060606], [413.16161616161617, 346.8787878787879], [351.54545454545456, 359.0], [292.95959595959596, 377.1818181818182], [288.9191919191919, 397.3838383838384], [267.7070707070707, 422.6363636363636]]]}, "movement_2": {"src": {"point_1": [353, 420], "point_2": [902, 706]}, "dst": {"point_1": [712, 177], "point_2": [952, 244]}, "tracklets": [[[554.5757575757576, 569.1010101010102], [598.010101010101, 530.7171717171717], [632.3535353535353, 479.2020202020202], [667.7070707070707, 444.85858585858585], [738.4141414141415, 406.47474747474746], [765.6868686868687, 351.92929292929296], [773.7676767676768, 327.6868686868687], [804.070707070707, 278.19191919191917], [805.0808080808081, 271.1212121212121], [808.1111111111111, 251.92929292929296], [823.2626262626262, 221.62626262626264], [838.4141414141415, 194.35353535353536]]]}}