{"movement_1": {"src": {"point_1": [240, 455], "point_2": [1258, 609]}, "dst": {"point_1": [1158, 302], "point_2": [690, 279]}, "tracklets": [[[464.67676767676767, 525.6666666666666], [502.0505050505051, 513.5454545454545], [543.4646464646464, 488.29292929292933], [586.89898989899, 463.04040404040404], [634.3737373737374, 425.6666666666667], [691.9494949494949, 394.35353535353534], [730.3333333333334, 362.03030303030306], [782.8585858585859, 324.65656565656565], [811.1414141414142, 283.24242424242425], [832.3535353535353, 250.91919191919192]], [[837.4040404040404, 586.2727272727273], [885.8888888888889, 545.8686868686868], [916.1919191919192, 501.4242424242424], [944.4747474747475, 443.8484848484849], [958.6161616161617, 405.4646464646465], [982.8585858585859, 356.979797979798], [986.89898989899, 335.7676767676768], [991.9494949494949, 297.3838383838384], [989.929292929293, 284.25252525252523]]]}}