{"movement_1": {"src": {"point_1": [442, 150], "point_2": [630, 150]}, "dst": {"point_1": [625, 454], "point_2": [11, 441]}, "tracklets": [[[534.3737373737374, 132.73737373737373], [509.1212121212121, 191.32323232323233], [493.969696969697, 222.63636363636363], [486.8989898989899, 266.0707070707071], [472.75757575757575, 336.77777777777777], [476.7979797979798, 383.24242424242425], [467.7070707070707, 428.6969696969697], [462.65656565656565, 491.32323232323233]]]}, "movement_2": {"src": {"point_1": [625, 456], "point_2": [1235, 464]}, "dst": {"point_1": [833, 153], "point_2": [628, 143]}, "tracklets": [[[835.3838383838383, 491.32323232323233], [805.0808080808081, 419.6060606060606], [803.0606060606061, 371.1212121212121], [797.0, 319.6060606060606], [793.969696969697, 288.2929292929293], [785.8888888888889, 240.8181818181818], [772.7575757575758, 207.4848484848485], [763.6666666666666, 171.12121212121212], [746.4949494949495, 141.82828282828282]], [[1031.3434343434344, 482.2323232323232], [970.7373737373738, 384.25252525252523], [936.3939393939394, 347.8888888888889], [897.0, 301.42424242424244], [842.4545454545455, 257.989898989899], [811.1414141414142, 220.6161616161616], [785.8888888888889, 200.41414141414143], [719.2222222222223, 168.0909090909091]]]}}