{"movement_1": {"src": {"point_1": [128, 585], "point_2": [1207, 711]}, "dst": {"point_1": [1203, 433], "point_2": [643, 351]}, "tracklets": [[[536.3939393939394, 671.1212121212121], [565.6868686868687, 664.0505050505051], [614.1717171717172, 633.7474747474747], [661.6464646464647, 606.4747474747475], [689.929292929293, 573.1414141414142], [711.1414141414142, 528.6969696969697], [738.4141414141415, 481.2222222222222], [752.5555555555555, 440.8181818181818], [772.7575757575758, 379.2020202020202], [776.7979797979798, 363.04040404040404], [775.7878787878788, 312.5353535353535], [774.7777777777778, 293.34343434343435]]]}}