{"movement_1": {"src": {"point_1": [139, 208], "point_2": [598, 236]}, "dst": {"point_1": [4, 340], "point_2": [605, 369]}, "tracklets": 
    [[[209.12121212121212, 162.03030303030303], [212.15151515151516, 194.35353535353536], [213.16161616161617, 221.62626262626264], [215.1818181818182, 248.8989898989899], [212.15151515151516, 272.1313131313131], [210.13131313131314, 285.26262626262627], [202.05050505050505, 312.5353535353535], [194.97979797979798, 326.67676767676767], [180.83838383838383, 367.0808080808081], [168.7171717171717, 385.26262626262627], [154.57575757575756, 404.45454545454544], [137.40404040404042, 409.5050505050505], [129.32323232323233, 428.6969696969697], [118.21212121212122, 445.8686868686869], [104.07070707070707, 482.2323232323232], [79.82828282828282, 513.5454545454545], [61.64646464646465, 529.7070707070707], [48.515151515151516, 539.8080808080808]], [[490.93939393939394, 204.45454545454547], [495.989898989899, 289.3030303030303], [485.8888888888889, 325.6666666666667], [481.8484848484849, 367.0808080808081], [467.7070707070707, 420.6161616161616], [459.62626262626264, 451.92929292929296], [435.3838383838384, 497.38383838383834], [421.24242424242425, 528.6969696969697], [404.0707070707071, 556.979797979798], [389.92929292929296, 580.2121212121212], [374.77777777777777, 591.3232323232323]]]}, "movement_2": {"src": {"point_1": [637, 465], "point_2": [1275, 465]}, "dst": {"point_1": [608, 235], "point_2": [966, 248]}, "tracklets": [[[748.5151515151515, 536.7777777777778], [735.3838383838383, 481.2222222222222], [723.2626262626262, 423.64646464646466], [719.2222222222223, 380.2121212121212], [711.1414141414142, 344.85858585858585], [705.0808080808081, 304.45454545454544], [698.010101010101, 270.1111111111111], [695.989898989899, 244.85858585858585], [693.969696969697, 219.60606060606062], [693.969696969697, 208.4949494949495], [699.0202020202021, 189.3030303030303]], [[1139.4242424242425, 475.16161616161617], [1081.8484848484848, 419.6060606060606], [1050.5353535353536, 381.22222222222223], [1026.2929292929293, 349.90909090909093], [1000.030303030303, 319.6060606060606], [984.8787878787879, 301.42424242424244], [965.6868686868687, 287.2828282828283], [941.4444444444445, 265.06060606060606], [936.3939393939394, 250.91919191919192], [921.2424242424242, 236.77777777777777], [914.1717171717172, 222.63636363636363], [915.1818181818182, 208.4949494949495], [923.2626262626263, 196.37373737373738], [929.3232323232323, 192.33333333333334]]]}}