{"movement_1": {"src": {"point_1": [346, 159], "point_2": [648, 161]}, "dst": {"point_1": [648, 325], "point_2": [7, 339]}, "tracklets": [[[495.989898989899, 107.4848484848485], [431.34343434343435, 150.91919191919192], [400.03030303030306, 178.1919191919192], [394.979797979798, 197.3838383838384], [375.7878787878788, 228.6969696969697], [354.57575757575756, 246.87878787878788], [330.3333333333333, 255.969696969697], [288.9191919191919, 281.22222222222223], [260.6363636363636, 302.4343434343434], [243.46464646464648, 318.5959595959596], [193.96969696969697, 335.7676767676768], [173.76767676767676, 362.03030303030306], [148.51515151515153, 382.2323232323232]], [[581.8484848484849, 124.65656565656565], [581.8484848484849, 167.08080808080808], [543.4646464646464, 189.3030303030303], [531.3434343434343, 237.7878787878788], [513.1616161616162, 285.26262626262627], [491.949494949495, 317.5858585858586], [485.8888888888889, 330.7171717171717], [457.6060606060606, 347.8888888888889], [432.35353535353534, 371.1212121212121]]]}, "movement_2": {"src": {"point_1": [627, 329], "point_2": [1274, 316]}, "dst": {"point_1": [1008, 172], "point_2": [635, 163]}, "tracklets": [[[771.7474747474747, 384.25252525252523], [767.7070707070707, 353.949494949495], [785.8888888888889, 302.4343434343434], [771.7474747474747, 239.80808080808083], [759.6262626262626, 205.46464646464648], [735.3838383838383, 176.17171717171718], [720.2323232323232, 126.67676767676767]], [[1112.1515151515152, 361.020202020202], [1049.5252525252524, 297.3838383838384], [1021.2424242424242, 255.969696969697], [976.7979797979798, 232.73737373737373], [947.5050505050505, 210.51515151515153], [917.2020202020202, 184.25252525252526], [885.8888888888889, 162.03030303030303], [857.6060606060606, 149.9090909090909]]]}}