{"movement_1": {"src": {"point_1": [238, 158], "point_2": [526, 129]}, "dst": {"point_1": [1268, 373], "point_2": [895, 626]}, "tracklets": [[[309.1212121212121, 157.989898989899], [358.6161616161616, 183.24242424242425], [395.989898989899, 198.3939393939394], [411.14141414141415, 230.7171717171717], [472.75757575757575, 248.8989898989899], [539.4242424242424, 267.0808080808081], [586.89898989899, 303.44444444444446], [602.0505050505051, 319.6060606060606], [653.5656565656566, 350.9191919191919], [719.2222222222223, 351.92929292929296], [764.6767676767677, 383.24242424242425], [814.1717171717172, 407.4848484848485], [897.0, 414.55555555555554], [948.5151515151515, 467.0808080808081], [1013.1616161616162, 481.2222222222222], [1044.4747474747476, 500.41414141414145], [1106.090909090909, 523.6464646464647], [1144.4747474747476, 535.7676767676768], [1161.6464646464647, 541.8282828282828]]]}, "movement_2": {"src": {"point_1": [1235, 289], "point_2": [924, 468]}, "dst": {"point_1": [746, 143], "point_2": [356, 181]}, "tracklets": [[[1250.5353535353536, 386.27272727272725], [1127.3030303030303, 339.80808080808083], [1023.2626262626263, 317.5858585858586], [901.040404040404, 308.4949494949495], [847.5050505050505, 281.22222222222223], [797.0, 255.969696969697], [723.2626262626262, 214.55555555555557], [634.3737373737374, 187.2828282828283], [570.7373737373738, 163.04040404040404]]]}, "movement_3": {"src": {"point_1": [1208, 223], "point_2": [1083, 585]}, "dst": {"point_1": [102, 184], "point_2": [104, 551]}, "tracklets": [[[1221.2424242424242, 412.5353535353535], [1106.090909090909, 364.0505050505051], [938.4141414141415, 325.6666666666667], [877.8080808080808, 300.4141414141414], [809.1212121212121, 289.3030303030303], [698.010101010101, 289.3030303030303], [610.1313131313132, 288.2929292929293], [532.3535353535353, 292.3333333333333], [481.8484848484849, 301.42424242424244], [327.3030303030303, 327.6868686868687], [286.8989898989899, 348.8989898989899], [237.40404040404042, 380.2121212121212], [162.65656565656565, 390.3131313131313]], [[1230.3333333333333, 471.1212121212121], [1116.1919191919192, 494.35353535353534], [988.9191919191919, 499.4040404040404], [869.7272727272727, 485.2626262626262], [766.6969696969697, 474.1515151515151], [715.1818181818182, 451.92929292929296], [600.030303030303, 437.7878787878788], [549.5252525252525, 445.8686868686869], [473.7676767676768, 468.0909090909091], [361.64646464646466, 475.16161616161617], [222.25252525252526, 450.9191919191919], [168.7171717171717, 428.6969696969697], [145.4848484848485, 395.3636363636364]]]}, "movement_4": {"src": {"point_1": [231, 191], "point_2": [479, 149]}, "dst": {"point_1": [67, 213], "point_2": [237, 552]}, "tracklets": [[[293.969696969697, 152.93939393939394], [303.06060606060606, 187.2828282828283], [295.989898989899, 216.57575757575756], [279.82828282828285, 249.90909090909093], [238.41414141414143, 268.0909090909091], [190.93939393939394, 292.3333333333333], [157.6060606060606, 300.4141414141414], [134.37373737373738, 316.57575757575756], [88.91919191919192, 328.6969696969697]], [[325.2828282828283, 162.03030303030303], [363.6666666666667, 211.52525252525254], [369.72727272727275, 237.7878787878788], [412.1515151515151, 304.45454545454544], [413.16161616161617, 334.75757575757575], [408.11111111111114, 385.26262626262627], [371.74747474747477, 403.44444444444446], [340.4343434343434, 424.65656565656565], [303.06060606060606, 450.9191919191919], [265.6868686868687, 463.04040404040404], [194.97979797979798, 462.03030303030306], [158.6161616161616, 459.0]], [[50.535353535353536, 551.929292929293], [124.27272727272728, 473.1414141414142], [146.4949494949495, 430.7171717171717], [226.2929292929293, 359.0], [281.8484848484849, 328.6969696969697], [340.4343434343434, 267.0808080808081], [423.26262626262627, 241.82828282828285], [454.57575757575756, 188.2929292929293], [465.6868686868687, 149.9090909090909], [464.67676767676767, 138.7979797979798]]]}, "movement_5": {"src": {"point_1": [79, 219], "point_2": [276, 698]}, "dst": {"point_1": [361, 178], "point_2": [591, 80]}, "tracklets": [[[73.76767676767678, 624.6565656565657], [186.8989898989899, 593.3434343434343], [271.74747474747477, 533.7474747474747], [368.7171717171717, 507.4848484848485], [435.3838383838384, 448.8989898989899], [517.2020202020202, 378.19191919191917], [532.3535353535353, 353.949494949495], [535.3838383838383, 314.55555555555554], [549.5252525252525, 269.1010101010101], [549.5252525252525, 256.979797979798], [544.4747474747475, 207.4848484848485], [544.4747474747475, 172.13131313131314]]]}, "movement_6": {"src": {"point_1": [82, 226], "point_2": [94, 716]}, "dst": {"point_1": [1179, 237], "point_2": [1208, 710]}, "tracklets": [[[86.8989898989899, 645.8686868686868], [162.65656565656565, 592.3333333333334], [272.75757575757575, 576.1717171717172], [377.80808080808083, 559.0], [540.4343434343434, 559.0], [700.030303030303, 565.0606060606061], [788.9191919191919, 563.040404040404], [872.7575757575758, 574.1515151515151], [963.6666666666666, 597.3838383838383], [1015.1818181818182, 608.4949494949495]], [[66.6969696969697, 553.9494949494949], [183.86868686868686, 496.3737373737374], [269.72727272727275, 443.8484848484849], [372.75757575757575, 413.54545454545456], [490.93939393939394, 404.45454545454544], [655.5858585858585, 374.1515151515151], [838.4141414141415, 404.45454545454544], [883.8686868686868, 434.75757575757575], [943.4646464646464, 498.3939393939394], [1002.0505050505051, 548.89898989899]], [[188.91919191919192, 609.5050505050505], [249.52525252525254, 562.030303030303], [336.3939393939394, 520.6161616161617], [734.3737373737374, 492.33333333333337], [811.1414141414142, 462.03030303030306], [930.3333333333334, 436.77777777777777], [1079.828282828283, 436.77777777777777], [1203.060606060606, 432.73737373737373]]]}}