{"movement_1": {"src": {"point_1": [139, 208], "point_2": [598, 236]}, "dst": {"point_1": [4, 340], "point_2": [605, 369]}, "tracklets": [[[586.89898989899, 149.9090909090909], [579.8282828282828, 157.989898989899], [571.7474747474747, 170.11111111111111], [553.5656565656566, 199.40404040404042], [520.2323232323232, 243.84848484848487], [482.85858585858585, 299.4040404040404], [453.5656565656566, 368.0909090909091], [423.26262626262627, 428.6969696969697], [395.989898989899, 476.1717171717172], [366.6969696969697, 542.8383838383838], [345.4848484848485, 600.4141414141415], [308.1111111111111, 644.8585858585859], [274.77777777777777, 698.3939393939394]]]}, "movement_2": {"src": {"point_1": [637, 465], "point_2": [1275, 465]}, "dst": {"point_1": [608, 235], "point_2": [966, 248]}, "tracklets": [[[628.3131313131313, 712.5353535353536], [628.3131313131313, 645.8686868686868], [641.4444444444445, 603.4444444444445], [643.4646464646464, 547.8888888888889], [643.4646464646464, 499.4040404040404], [643.4646464646464, 468.0909090909091], [656.5959595959596, 410.5151515151515], [655.5858585858585, 357.989898989899], [648.5151515151515, 302.4343434343434], [661.6464646464647, 278.19191919191917], [671.7474747474747, 214.55555555555557], [672.7575757575758, 192.33333333333334], [673.7676767676768, 167.08080808080808]]]}}